|CustomerID|LastLoginDate|LoginFrequency|ServiceUsage
0|1|2023-10-21|34|Mobile App
1|2|2023-12-05|5|Website
2|3|2023-11-15|3|Website
3|4|2023-08-25|2|Website
4|5|2023-10-27|41|Website
5|6|2023-09-17|2|Website
6|7|2023-01-07|32|Mobile App
7|8|2023-04-22|17|Online Banking
8|9|2023-06-27|24|Website
9|10|2023-01-13|29|Online Banking
10|11|2023-01-22|30|Online Banking
11|12|2023-12-31|43|Website
12|13|2023-07-05|10|Mobile App
13|14|2023-01-10|26|Online Banking
14|15|2023-06-15|44|Online Banking
15|16|2023-03-15|41|Online Banking
16|17|2023-09-03|8|Online Banking
17|18|2023-11-24|37|Website
18|19|2023-03-08|39|Online Banking
19|20|2023-08-15|16|Website
20|21|2023-06-16|18|Website
21|22|2023-05-06|42|Mobile App
22|23|2023-07-07|19|Mobile App
23|24|2023-10-04|12|Mobile App
24|25|2023-02-15|27|Mobile App
25|26|2023-09-29|45|Mobile App
26|27|2023-10-01|22|Mobile App
27|28|2023-10-26|42|Online Banking
28|29|2023-09-02|34|Website
29|30|2023-07-12|38|Website
30|31|2023-08-17|23|Online Banking
31|32|2023-01-06|48|Mobile App
32|33|2023-05-19|24|Mobile App
33|34|2023-04-03|44|Online Banking
34|35|2023-05-23|19|Mobile App
35|36|2023-02-11|6|Online Banking
36|37|2023-08-28|3|Online Banking
37|38|2023-11-27|47|Online Banking
38|39|2023-01-20|26|Online Banking
39|40|2023-10-14|20|Website
40|41|2023-07-04|38|Mobile App
41|42|2023-07-17|10|Mobile App
42|43|2023-05-25|25|Mobile App
43|44|2023-11-13|35|Mobile App
44|45|2023-09-02|49|Online Banking
45|46|2023-07-31|24|Online Banking
46|47|2023-04-19|21|Website
47|48|2023-06-12|34|Website
48|49|2023-02-19|18|Online Banking
49|50|2023-07-15|19|Online Banking
50|51|2023-10-31|3|Mobile App
51|52|2023-02-16|6|Mobile App
52|53|2023-10-02|20|Mobile App
53|54|2023-01-20|22|Online Banking
54|55|2023-08-18|33|Website
55|56|2023-08-20|14|Mobile App
56|57|2023-07-20|44|Online Banking
57|58|2023-04-17|9|Online Banking
58|59|2023-12-11|45|Online Banking
59|60|2023-03-02|25|Mobile App
60|61|2023-12-27|47|Website
61|62|2023-08-27|16|Mobile App
62|63|2023-05-26|7|Mobile App
63|64|2023-06-03|11|Online Banking
64|65|2023-09-25|27|Mobile App
65|66|2023-08-17|40|Online Banking
66|67|2023-07-23|17|Online Banking
67|68|2023-07-25|5|Website
68|69|2023-11-13|29|Mobile App
69|70|2023-03-15|10|Mobile App
70|71|2023-08-17|47|Online Banking
71|72|2023-04-25|25|Online Banking
72|73|2023-10-27|24|Online Banking
73|74|2023-02-19|44|Mobile App
74|75|2023-06-17|12|Mobile App
75|76|2023-05-09|5|Website
76|77|2023-10-15|29|Online Banking
77|78|2023-10-07|35|Mobile App
78|79|2023-04-20|23|Online Banking
79|80|2023-06-09|32|Mobile App
80|81|2023-12-03|40|Website
81|82|2023-05-08|19|Mobile App
82|83|2023-12-31|25|Mobile App
83|84|2023-11-30|45|Online Banking
84|85|2023-08-08|37|Mobile App
85|86|2023-10-18|1|Website
86|87|2023-11-22|43|Website
87|88|2023-02-08|13|Online Banking
88|89|2023-09-06|12|Mobile App
89|90|2023-05-30|47|Online Banking
90|91|2023-02-03|43|Mobile App
91|92|2023-07-01|37|Mobile App
92|93|2023-10-16|42|Mobile App
93|94|2023-06-27|41|Website
94|95|2023-06-20|12|Online Banking
95|96|2023-02-27|36|Mobile App
96|97|2023-12-20|38|Website
97|98|2023-05-23|9|Mobile App
98|99|2023-02-10|14|Online Banking
99|100|2023-06-02|45|Online Banking
100|101|2023-01-15|35|Online Banking
101|102|2023-01-14|32|Online Banking
102|103|2023-04-27|46|Mobile App
103|104|2023-03-23|3|Online Banking
104|105|2023-12-24|30|Website
105|106|2023-07-20|49|Mobile App
106|107|2023-01-27|7|Online Banking
107|108|2023-03-24|1|Mobile App
108|109|2023-04-28|20|Mobile App
109|110|2023-10-10|25|Website
110|111|2023-06-17|33|Website
111|112|2023-10-16|35|Website
112|113|2023-04-12|44|Online Banking
113|114|2023-08-02|24|Website
114|115|2023-09-21|14|Mobile App
115|116|2023-08-20|39|Mobile App
116|117|2023-12-25|44|Online Banking
117|118|2023-10-01|34|Online Banking
118|119|2023-03-29|18|Mobile App
119|120|2023-02-23|2|Online Banking
120|121|2023-09-09|38|Mobile App
121|122|2023-06-14|17|Mobile App
122|123|2023-03-15|23|Mobile App
123|124|2023-02-19|33|Website
124|125|2023-06-21|28|Online Banking
125|126|2023-05-14|15|Website
126|127|2023-01-18|11|Website
127|128|2023-07-07|23|Website
128|129|2023-03-21|13|Website
129|130|2023-02-25|47|Mobile App
130|131|2023-09-24|11|Website
131|132|2023-06-15|36|Website
132|133|2023-04-13|38|Mobile App
133|134|2023-01-05|27|Mobile App
134|135|2023-06-19|18|Mobile App
135|136|2023-11-07|40|Mobile App
136|137|2023-06-19|38|Online Banking
137|138|2023-03-20|34|Online Banking
138|139|2023-06-03|22|Website
139|140|2023-10-21|18|Mobile App
140|141|2023-06-28|41|Online Banking
141|142|2023-04-27|18|Mobile App
142|143|2023-12-25|13|Website
143|144|2023-02-18|39|Online Banking
144|145|2023-10-11|16|Online Banking
145|146|2023-12-12|8|Mobile App
146|147|2023-09-02|34|Mobile App
147|148|2023-03-09|29|Website
148|149|2023-02-17|6|Online Banking
149|150|2023-06-29|38|Mobile App
150|151|2023-06-02|36|Mobile App
151|152|2023-09-30|48|Mobile App
152|153|2023-01-26|42|Online Banking
153|154|2023-04-19|26|Mobile App
154|155|2023-04-08|18|Website
155|156|2023-06-30|11|Mobile App
156|157|2023-06-13|27|Mobile App
157|158|2023-10-03|30|Online Banking
158|159|2023-05-11|18|Website
159|160|2023-05-02|43|Online Banking
160|161|2023-07-24|4|Mobile App
161|162|2023-06-11|6|Mobile App
162|163|2023-01-13|22|Mobile App
163|164|2023-11-25|2|Website
164|165|2023-03-01|47|Mobile App
165|166|2023-08-03|48|Online Banking
166|167|2023-03-03|40|Website
167|168|2023-08-29|32|Website
168|169|2023-06-18|39|Mobile App
169|170|2023-10-12|21|Website
170|171|2023-05-04|8|Mobile App
171|172|2023-12-12|25|Website
172|173|2023-10-22|41|Mobile App
173|174|2023-03-09|36|Mobile App
174|175|2023-11-27|4|Website
175|176|2023-09-23|15|Website
176|177|2023-03-05|28|Website
177|178|2023-05-06|20|Website
178|179|2023-09-06|38|Website
179|180|2023-01-30|6|Online Banking
180|181|2023-04-22|30|Mobile App
181|182|2023-06-12|32|Online Banking
182|183|2023-04-21|49|Online Banking
183|184|2023-04-14|41|Online Banking
184|185|2023-10-23|4|Online Banking
185|186|2023-10-18|35|Mobile App
186|187|2023-01-09|30|Mobile App
187|188|2023-03-29|49|Mobile App
188|189|2023-06-21|41|Mobile App
189|190|2023-04-01|22|Website
190|191|2023-02-15|2|Website
191|192|2023-07-07|12|Website
192|193|2023-05-11|34|Website
193|194|2023-10-23|34|Website
194|195|2023-03-07|14|Website
195|196|2023-01-22|39|Website
196|197|2023-03-16|39|Online Banking
197|198|2023-06-21|45|Online Banking
198|199|2023-01-08|6|Website
199|200|2023-02-10|8|Online Banking
200|201|2023-08-14|27|Online Banking
201|202|2023-03-07|12|Mobile App
202|203|2023-04-16|21|Website
203|204|2023-05-08|38|Online Banking
204|205|2023-01-27|4|Mobile App
205|206|2023-11-27|25|Mobile App
206|207|2023-03-28|43|Website
207|208|2023-06-03|24|Online Banking
208|209|2023-10-12|12|Mobile App
209|210|2023-07-24|29|Online Banking
210|211|2023-03-03|35|Online Banking
211|212|2023-06-14|37|Website
212|213|2023-02-23|30|Website
213|214|2023-11-02|41|Online Banking
214|215|2023-11-07|42|Online Banking
215|216|2023-09-06|35|Mobile App
216|217|2023-08-14|1|Online Banking
217|218|2023-06-12|40|Mobile App
218|219|2023-07-18|26|Online Banking
219|220|2023-11-12|35|Online Banking
220|221|2023-06-16|42|Mobile App
221|222|2023-06-03|7|Website
222|223|2023-07-22|4|Online Banking
223|224|2023-05-16|5|Website
224|225|2023-07-15|39|Online Banking
225|226|2023-03-10|11|Mobile App
226|227|2023-11-08|15|Online Banking
227|228|2023-10-16|32|Website
228|229|2023-12-23|37|Website
229|230|2023-09-04|9|Online Banking
230|231|2023-02-20|47|Online Banking
231|232|2023-09-08|32|Online Banking
232|233|2023-09-18|33|Website
233|234|2023-06-19|23|Online Banking
234|235|2023-12-28|15|Mobile App
235|236|2023-09-25|30|Online Banking
236|237|2023-01-13|16|Online Banking
237|238|2023-09-20|22|Mobile App
238|239|2023-10-09|43|Mobile App
239|240|2023-07-27|30|Online Banking
240|241|2023-12-19|1|Mobile App
241|242|2023-02-16|35|Online Banking
242|243|2023-12-09|18|Website
243|244|2023-06-21|15|Online Banking
244|245|2023-05-18|21|Online Banking
245|246|2023-03-24|40|Mobile App
246|247|2023-12-24|2|Online Banking
247|248|2023-08-26|30|Online Banking
248|249|2023-02-06|40|Website
249|250|2023-01-09|32|Website
250|251|2023-03-24|28|Website
251|252|2023-08-11|11|Online Banking
252|253|2023-12-03|7|Online Banking
253|254|2023-08-25|1|Mobile App
254|255|2023-06-17|43|Mobile App
255|256|2023-08-26|28|Mobile App
256|257|2023-01-31|39|Website
257|258|2023-06-17|19|Mobile App
258|259|2023-03-16|39|Online Banking
259|260|2023-08-24|32|Website
260|261|2023-05-29|49|Online Banking
261|262|2023-02-04|30|Website
262|263|2023-12-28|2|Website
263|264|2023-03-08|44|Online Banking
264|265|2023-04-06|43|Online Banking
265|266|2023-01-07|37|Online Banking
266|267|2023-11-24|19|Online Banking
267|268|2023-12-19|26|Mobile App
268|269|2023-06-16|1|Mobile App
269|270|2023-04-12|42|Mobile App
270|271|2023-10-28|28|Online Banking
271|272|2023-07-16|26|Online Banking
272|273|2023-08-30|40|Mobile App
273|274|2023-01-24|35|Online Banking
274|275|2023-06-15|3|Website
275|276|2023-06-02|26|Online Banking
276|277|2023-07-06|33|Mobile App
277|278|2023-02-22|22|Online Banking
278|279|2023-04-12|6|Mobile App
279|280|2023-11-19|42|Online Banking
280|281|2023-12-15|34|Online Banking
281|282|2023-07-22|3|Online Banking
282|283|2023-09-20|17|Online Banking
283|284|2023-05-15|6|Mobile App
284|285|2023-08-31|42|Mobile App
285|286|2023-04-03|5|Website
286|287|2023-06-10|20|Website
287|288|2023-03-21|1|Website
288|289|2023-11-14|24|Mobile App
289|290|2023-09-15|9|Mobile App
290|291|2023-09-26|15|Website
291|292|2023-12-06|37|Website
292|293|2023-01-26|18|Mobile App
293|294|2023-03-19|22|Online Banking
294|295|2023-03-09|11|Website
295|296|2023-12-01|38|Mobile App
296|297|2023-10-06|3|Mobile App
297|298|2023-08-23|29|Website
298|299|2023-11-04|46|Mobile App
299|300|2023-10-15|32|Website
300|301|2023-10-02|34|Online Banking
301|302|2023-02-18|8|Website
302|303|2023-05-20|34|Online Banking
303|304|2023-04-28|5|Online Banking
304|305|2023-07-15|9|Mobile App
305|306|2023-05-03|17|Mobile App
306|307|2023-11-04|20|Mobile App
307|308|2023-10-23|42|Mobile App
308|309|2023-04-16|27|Online Banking
309|310|2023-07-05|5|Online Banking
310|311|2023-07-07|46|Mobile App
311|312|2023-06-23|29|Website
312|313|2023-06-19|11|Online Banking
313|314|2023-03-21|26|Mobile App
314|315|2023-10-09|23|Mobile App
315|316|2023-01-28|18|Mobile App
316|317|2023-06-02|20|Website
317|318|2023-09-11|44|Website
318|319|2023-03-12|21|Online Banking
319|320|2023-02-11|26|Online Banking
320|321|2023-10-30|32|Online Banking
321|322|2023-11-20|1|Online Banking
322|323|2023-03-10|2|Website
323|324|2023-02-23|4|Mobile App
324|325|2023-09-30|41|Online Banking
325|326|2023-03-26|10|Website
326|327|2023-08-27|28|Website
327|328|2023-04-17|49|Mobile App
328|329|2023-08-13|37|Online Banking
329|330|2023-09-18|17|Mobile App
330|331|2023-01-02|30|Website
331|332|2023-12-06|6|Website
332|333|2023-12-13|11|Website
333|334|2023-01-18|11|Online Banking
334|335|2023-12-27|2|Mobile App
335|336|2023-01-25|20|Mobile App
336|337|2023-08-26|34|Website
337|338|2023-12-04|41|Mobile App
338|339|2023-04-23|1|Website
339|340|2023-09-21|48|Mobile App
340|341|2023-07-05|27|Online Banking
341|342|2023-10-02|26|Online Banking
342|343|2023-07-26|26|Online Banking
343|344|2023-06-27|8|Mobile App
344|345|2023-09-08|29|Online Banking
345|346|2023-01-07|17|Online Banking
346|347|2023-07-20|33|Mobile App
347|348|2023-11-30|1|Online Banking
348|349|2023-08-20|24|Mobile App
349|350|2023-04-23|25|Online Banking
350|351|2023-07-23|1|Mobile App
351|352|2023-09-02|26|Website
352|353|2023-03-19|16|Online Banking
353|354|2023-07-13|49|Online Banking
354|355|2023-01-06|33|Website
355|356|2023-07-15|28|Mobile App
356|357|2023-09-10|45|Online Banking
357|358|2023-01-17|24|Mobile App
358|359|2023-05-03|36|Website
359|360|2023-03-26|14|Online Banking
360|361|2023-04-19|49|Mobile App
361|362|2023-08-14|5|Mobile App
362|363|2023-01-01|27|Online Banking
363|364|2023-08-28|14|Mobile App
364|365|2023-10-29|24|Online Banking
365|366|2023-01-16|46|Website
366|367|2023-09-16|28|Mobile App
367|368|2023-01-17|8|Online Banking
368|369|2023-02-07|35|Website
369|370|2023-06-22|47|Online Banking
370|371|2023-06-15|35|Website
371|372|2023-10-26|23|Website
372|373|2023-05-10|13|Online Banking
373|374|2023-12-25|47|Online Banking
374|375|2023-08-31|17|Website
375|376|2023-02-28|31|Website
376|377|2023-05-11|10|Online Banking
377|378|2023-08-22|36|Website
378|379|2023-07-24|29|Online Banking
379|380|2023-06-10|16|Mobile App
380|381|2023-07-18|33|Website
381|382|2023-03-01|14|Mobile App
382|383|2023-08-21|7|Online Banking
383|384|2023-12-26|33|Website
384|385|2023-08-24|3|Mobile App
385|386|2023-10-23|26|Website
386|387|2023-10-30|39|Website
387|388|2023-08-21|5|Online Banking
388|389|2023-04-04|23|Online Banking
389|390|2023-02-18|33|Mobile App
390|391|2023-07-21|30|Mobile App
391|392|2023-09-03|33|Mobile App
392|393|2023-12-04|43|Website
393|394|2023-07-11|25|Online Banking
394|395|2023-07-22|22|Online Banking
395|396|2023-05-07|1|Online Banking
396|397|2023-05-10|10|Online Banking
397|398|2023-10-09|23|Online Banking
398|399|2023-06-02|33|Website
399|400|2023-03-19|39|Online Banking
400|401|2023-08-22|28|Website
401|402|2023-08-11|43|Mobile App
402|403|2023-08-30|8|Online Banking
403|404|2023-10-28|27|Mobile App
404|405|2023-02-25|5|Online Banking
405|406|2023-12-29|15|Website
406|407|2023-08-25|48|Mobile App
407|408|2023-10-14|22|Online Banking
408|409|2023-01-20|35|Mobile App
409|410|2023-08-09|30|Online Banking
410|411|2023-09-20|48|Website
411|412|2023-12-31|44|Website
412|413|2023-03-16|33|Website
413|414|2023-09-04|30|Online Banking
414|415|2023-06-18|36|Online Banking
415|416|2023-04-23|16|Online Banking
416|417|2023-11-09|38|Website
417|418|2023-09-20|23|Online Banking
418|419|2023-02-07|37|Online Banking
419|420|2023-01-06|37|Website
420|421|2023-12-16|28|Mobile App
421|422|2023-10-04|14|Mobile App
422|423|2023-04-04|4|Mobile App
423|424|2023-09-24|39|Website
424|425|2023-11-03|33|Website
425|426|2023-09-10|31|Website
426|427|2023-08-14|13|Online Banking
427|428|2023-08-10|36|Mobile App
428|429|2023-01-11|10|Mobile App
429|430|2023-07-02|47|Online Banking
430|431|2023-05-26|31|Website
431|432|2023-12-16|26|Mobile App
432|433|2023-12-03|14|Mobile App
433|434|2023-11-09|4|Mobile App
434|435|2023-03-18|33|Online Banking
435|436|2023-09-18|47|Website
436|437|2023-09-20|13|Website
437|438|2023-04-20|48|Website
438|439|2023-02-20|41|Online Banking
439|440|2023-02-19|34|Online Banking
440|441|2023-10-28|43|Mobile App
441|442|2023-06-20|35|Mobile App
442|443|2023-06-08|28|Website
443|444|2023-12-06|31|Mobile App
444|445|2023-05-27|30|Online Banking
445|446|2023-10-13|32|Mobile App
446|447|2023-12-01|13|Website
447|448|2023-09-08|41|Mobile App
448|449|2023-05-11|34|Mobile App
449|450|2023-09-08|8|Website
450|451|2023-07-13|42|Mobile App
451|452|2023-10-18|25|Online Banking
452|453|2023-04-20|33|Online Banking
453|454|2023-07-13|10|Online Banking
454|455|2023-12-23|40|Website
455|456|2023-11-22|34|Mobile App
456|457|2023-06-14|44|Website
457|458|2023-01-10|33|Website
458|459|2023-03-13|5|Mobile App
459|460|2023-02-24|45|Online Banking
460|461|2023-07-15|27|Online Banking
461|462|2023-04-09|8|Online Banking
462|463|2023-04-17|7|Online Banking
463|464|2023-12-11|22|Website
464|465|2023-11-14|46|Website
465|466|2023-06-25|28|Online Banking
466|467|2023-12-17|9|Website
467|468|2023-12-23|31|Online Banking
468|469|2023-10-24|4|Mobile App
469|470|2023-06-09|5|Website
470|471|2023-01-10|13|Mobile App
471|472|2023-12-30|6|Mobile App
472|473|2023-01-17|23|Online Banking
473|474|2023-03-15|47|Online Banking
474|475|2023-05-08|35|Mobile App
475|476|2023-01-30|34|Mobile App
476|477|2023-11-20|38|Online Banking
477|478|2023-07-16|34|Mobile App
478|479|2023-09-03|11|Website
479|480|2023-06-09|6|Website
480|481|2023-07-19|32|Website
481|482|2023-01-25|35|Website
482|483|2023-03-23|34|Mobile App
483|484|2023-04-13|43|Mobile App
484|485|2023-09-15|28|Mobile App
485|486|2023-08-18|5|Online Banking
486|487|2023-10-11|34|Mobile App
487|488|2023-06-14|33|Mobile App
488|489|2023-11-23|12|Online Banking
489|490|2023-02-28|40|Online Banking
490|491|2023-11-30|44|Website
491|492|2023-01-06|38|Online Banking
492|493|2023-08-29|44|Online Banking
493|494|2023-10-08|12|Mobile App
494|495|2023-01-07|37|Online Banking
495|496|2023-12-29|1|Website
496|497|2023-08-30|40|Mobile App
497|498|2023-06-28|5|Website
498|499|2023-11-30|2|Mobile App
499|500|2023-11-22|46|Online Banking
500|501|2023-04-15|25|Online Banking
501|502|2023-09-20|38|Mobile App
502|503|2023-12-07|25|Website
503|504|2023-11-04|48|Mobile App
504|505|2023-06-23|22|Mobile App
505|506|2023-08-10|1|Online Banking
506|507|2023-10-15|25|Online Banking
507|508|2023-10-21|33|Online Banking
508|509|2023-08-08|22|Website
509|510|2023-07-04|31|Mobile App
510|511|2023-02-12|19|Online Banking
511|512|2023-08-02|48|Mobile App
512|513|2023-06-18|18|Online Banking
513|514|2023-07-23|1|Mobile App
514|515|2023-01-06|19|Online Banking
515|516|2023-12-28|14|Mobile App
516|517|2023-01-11|11|Online Banking
517|518|2023-09-25|8|Mobile App
518|519|2023-06-09|18|Mobile App
519|520|2023-07-16|9|Mobile App
520|521|2023-02-09|43|Website
521|522|2023-09-15|28|Website
522|523|2023-08-22|11|Mobile App
523|524|2023-10-30|49|Online Banking
524|525|2023-12-07|41|Website
525|526|2023-02-14|30|Online Banking
526|527|2023-12-28|44|Online Banking
527|528|2023-05-16|27|Online Banking
528|529|2023-05-18|26|Online Banking
529|530|2023-12-06|49|Mobile App
530|531|2023-11-09|12|Online Banking
531|532|2023-10-22|38|Website
532|533|2023-10-29|27|Mobile App
533|534|2023-08-16|37|Mobile App
534|535|2023-06-26|17|Mobile App
535|536|2023-11-10|46|Mobile App
536|537|2023-05-27|9|Online Banking
537|538|2023-06-13|6|Online Banking
538|539|2023-09-22|13|Mobile App
539|540|2023-01-17|6|Online Banking
540|541|2023-09-22|38|Mobile App
541|542|2023-07-07|4|Mobile App
542|543|2023-08-25|16|Online Banking
543|544|2023-02-21|36|Website
544|545|2023-10-08|43|Website
545|546|2023-02-10|14|Online Banking
546|547|2023-01-22|29|Website
547|548|2023-11-29|24|Website
548|549|2023-09-02|39|Mobile App
549|550|2023-12-30|39|Online Banking
550|551|2023-01-03|45|Mobile App
551|552|2023-02-05|25|Website
552|553|2023-11-24|46|Website
553|554|2023-09-25|46|Mobile App
554|555|2023-11-09|3|Website
555|556|2023-02-09|42|Online Banking
556|557|2023-12-02|27|Online Banking
557|558|2023-10-24|12|Online Banking
558|559|2023-08-15|43|Website
559|560|2023-12-20|2|Mobile App
560|561|2023-10-22|38|Online Banking
561|562|2023-05-13|26|Online Banking
562|563|2023-06-12|29|Mobile App
563|564|2023-06-06|45|Online Banking
564|565|2023-04-22|30|Website
565|566|2023-06-15|38|Online Banking
566|567|2023-11-27|41|Online Banking
567|568|2023-08-16|32|Online Banking
568|569|2023-11-22|38|Online Banking
569|570|2023-08-04|21|Mobile App
570|571|2023-04-25|8|Website
571|572|2023-01-26|6|Website
572|573|2023-01-23|4|Website
573|574|2023-04-01|17|Mobile App
574|575|2023-07-10|21|Mobile App
575|576|2023-12-21|4|Website
576|577|2023-04-25|35|Website
577|578|2023-04-23|30|Mobile App
578|579|2023-05-23|27|Online Banking
579|580|2023-12-01|12|Website
580|581|2023-03-25|48|Mobile App
581|582|2023-10-18|20|Online Banking
582|583|2023-02-15|40|Online Banking
583|584|2023-11-07|44|Online Banking
584|585|2023-04-08|41|Online Banking
585|586|2023-11-14|33|Online Banking
586|587|2023-04-01|10|Website
587|588|2023-11-21|5|Mobile App
588|589|2023-04-20|11|Mobile App
589|590|2023-10-14|21|Mobile App
590|591|2023-04-23|20|Online Banking
591|592|2023-02-03|44|Mobile App
592|593|2023-01-04|9|Online Banking
593|594|2023-06-09|30|Mobile App
594|595|2023-04-23|48|Online Banking
595|596|2023-06-07|4|Mobile App
596|597|2023-10-17|9|Website
597|598|2023-07-09|40|Online Banking
598|599|2023-12-16|3|Website
599|600|2023-11-22|38|Online Banking
600|601|2023-09-11|25|Website
601|602|2023-05-13|37|Mobile App
602|603|2023-06-16|30|Mobile App
603|604|2023-05-06|31|Website
604|605|2023-01-13|17|Mobile App
605|606|2023-10-03|10|Website
606|607|2023-01-16|8|Mobile App
607|608|2023-01-14|2|Mobile App
608|609|2023-12-21|32|Website
609|610|2023-12-07|11|Mobile App
610|611|2023-10-11|10|Online Banking
611|612|2023-12-17|41|Online Banking
612|613|2023-08-26|32|Online Banking
613|614|2023-03-25|24|Mobile App
614|615|2023-08-11|7|Online Banking
615|616|2023-08-14|29|Online Banking
616|617|2023-01-22|2|Online Banking
617|618|2023-11-20|16|Mobile App
618|619|2023-04-27|31|Online Banking
619|620|2023-02-25|12|Online Banking
620|621|2023-08-15|32|Online Banking
621|622|2023-10-01|47|Online Banking
622|623|2023-04-12|41|Online Banking
623|624|2023-11-19|18|Website
624|625|2023-08-03|3|Mobile App
625|626|2023-02-27|16|Website
626|627|2023-11-16|49|Website
627|628|2023-01-16|42|Website
628|629|2023-01-07|18|Online Banking
629|630|2023-08-17|44|Website
630|631|2023-07-23|15|Website
631|632|2023-11-28|41|Online Banking
632|633|2023-11-04|37|Online Banking
633|634|2023-04-21|23|Mobile App
634|635|2023-12-10|26|Online Banking
635|636|2023-09-27|7|Online Banking
636|637|2023-04-26|48|Online Banking
637|638|2023-04-30|21|Website
638|639|2023-03-30|29|Website
639|640|2023-11-24|45|Website
640|641|2023-06-15|7|Online Banking
641|642|2023-08-15|6|Online Banking
642|643|2023-09-17|27|Online Banking
643|644|2023-09-11|43|Mobile App
644|645|2023-06-28|46|Website
645|646|2023-02-23|17|Website
646|647|2023-03-11|24|Mobile App
647|648|2023-08-11|28|Website
648|649|2023-07-01|26|Website
649|650|2023-08-30|38|Online Banking
650|651|2023-05-17|26|Online Banking
651|652|2023-05-18|40|Website
652|653|2023-03-30|1|Mobile App
653|654|2023-02-19|19|Mobile App
654|655|2023-01-31|26|Mobile App
655|656|2023-07-10|35|Mobile App
656|657|2023-12-07|16|Online Banking
657|658|2023-06-25|13|Mobile App
658|659|2023-09-25|10|Website
659|660|2023-08-13|8|Mobile App
660|661|2023-10-12|27|Mobile App
661|662|2023-09-01|26|Mobile App
662|663|2023-04-12|3|Mobile App
663|664|2023-08-24|45|Online Banking
664|665|2023-06-15|36|Online Banking
665|666|2023-10-22|41|Online Banking
666|667|2023-10-19|8|Online Banking
667|668|2023-06-03|32|Website
668|669|2023-11-06|19|Website
669|670|2023-04-02|12|Online Banking
670|671|2023-02-28|45|Online Banking
671|672|2023-04-01|45|Mobile App
672|673|2023-07-02|13|Mobile App
673|674|2023-01-23|44|Online Banking
674|675|2023-06-07|48|Online Banking
675|676|2023-11-16|45|Mobile App
676|677|2023-07-05|7|Website
677|678|2023-04-22|47|Online Banking
678|679|2023-08-31|47|Website
679|680|2023-12-24|16|Website
680|681|2023-06-22|32|Mobile App
681|682|2023-09-14|9|Mobile App
682|683|2023-08-19|26|Online Banking
683|684|2023-07-24|48|Mobile App
684|685|2023-07-27|40|Website
685|686|2023-07-29|47|Website
686|687|2023-11-24|20|Online Banking
687|688|2023-10-05|6|Website
688|689|2023-01-24|11|Mobile App
689|690|2023-12-22|29|Online Banking
690|691|2023-01-11|7|Mobile App
691|692|2023-06-24|29|Website
692|693|2023-10-01|43|Mobile App
693|694|2023-01-12|4|Online Banking
694|695|2023-02-09|24|Mobile App
695|696|2023-02-10|3|Website
696|697|2023-07-11|12|Online Banking
697|698|2023-07-03|35|Website
698|699|2023-02-14|8|Mobile App
699|700|2023-12-18|38|Online Banking
700|701|2023-01-18|41|Online Banking
701|702|2023-12-31|38|Mobile App
702|703|2023-09-16|15|Mobile App
703|704|2023-11-03|5|Website
704|705|2023-05-16|40|Website
705|706|2023-03-27|16|Online Banking
706|707|2023-01-02|46|Online Banking
707|708|2023-09-29|28|Website
708|709|2023-07-21|13|Mobile App
709|710|2023-04-29|41|Website
710|711|2023-02-26|11|Website
711|712|2023-11-30|37|Mobile App
712|713|2023-03-12|3|Website
713|714|2023-09-08|8|Mobile App
714|715|2023-06-02|38|Online Banking
715|716|2023-01-11|47|Mobile App
716|717|2023-05-03|34|Website
717|718|2023-07-12|38|Mobile App
718|719|2023-12-16|42|Online Banking
719|720|2023-01-30|24|Website
720|721|2023-04-28|18|Website
721|722|2023-04-03|25|Website
722|723|2023-06-02|13|Website
723|724|2023-10-24|39|Website
724|725|2023-10-14|22|Mobile App
725|726|2023-08-29|30|Online Banking
726|727|2023-08-13|30|Mobile App
727|728|2023-05-05|37|Website
728|729|2023-02-09|45|Mobile App
729|730|2023-12-20|43|Website
730|731|2023-12-20|15|Online Banking
731|732|2023-12-16|35|Mobile App
732|733|2023-01-15|6|Online Banking
733|734|2023-09-04|11|Mobile App
734|735|2023-10-05|28|Website
735|736|2023-03-03|30|Website
736|737|2023-05-13|16|Mobile App
737|738|2023-05-25|28|Mobile App
738|739|2023-10-07|25|Online Banking
739|740|2023-05-27|48|Online Banking
740|741|2023-06-22|30|Website
741|742|2023-03-30|45|Online Banking
742|743|2023-07-28|14|Online Banking
743|744|2023-06-09|27|Website
744|745|2023-06-10|48|Website
745|746|2023-12-18|30|Mobile App
746|747|2023-12-02|10|Online Banking
747|748|2023-02-06|20|Mobile App
748|749|2023-02-26|44|Online Banking
749|750|2023-08-21|7|Website
750|751|2023-08-24|34|Website
751|752|2023-12-07|27|Website
752|753|2023-06-26|23|Online Banking
753|754|2023-11-04|46|Website
754|755|2023-02-19|45|Website
755|756|2023-08-09|25|Mobile App
756|757|2023-09-06|28|Mobile App
757|758|2023-08-07|18|Online Banking
758|759|2023-03-12|13|Website
759|760|2023-01-30|13|Online Banking
760|761|2023-01-07|45|Online Banking
761|762|2023-11-06|34|Mobile App
762|763|2023-04-28|14|Mobile App
763|764|2023-02-15|28|Mobile App
764|765|2023-12-07|13|Online Banking
765|766|2023-07-09|34|Website
766|767|2023-08-10|5|Mobile App
767|768|2023-08-22|40|Mobile App
768|769|2023-05-26|10|Mobile App
769|770|2023-01-30|36|Website
770|771|2023-04-13|6|Online Banking
771|772|2023-04-30|21|Online Banking
772|773|2023-07-07|35|Website
773|774|2023-11-24|16|Online Banking
774|775|2023-08-01|20|Website
775|776|2023-08-06|31|Mobile App
776|777|2023-09-22|5|Website
777|778|2023-07-24|6|Online Banking
778|779|2023-07-17|2|Mobile App
779|780|2023-10-19|39|Mobile App
780|781|2023-01-28|22|Mobile App
781|782|2023-09-07|11|Mobile App
782|783|2023-08-10|15|Website
783|784|2023-08-09|13|Online Banking
784|785|2023-10-08|33|Online Banking
785|786|2023-09-10|46|Mobile App
786|787|2023-05-10|14|Website
787|788|2023-08-20|39|Online Banking
788|789|2023-09-20|2|Website
789|790|2023-04-28|10|Website
790|791|2023-12-21|42|Website
791|792|2023-08-06|30|Online Banking
792|793|2023-10-14|32|Website
793|794|2023-05-23|9|Website
794|795|2023-12-31|48|Online Banking
795|796|2023-02-09|16|Website
796|797|2023-12-29|39|Website
797|798|2023-05-27|5|Mobile App
798|799|2023-01-03|46|Mobile App
799|800|2023-05-28|15|Online Banking
800|801|2023-09-05|4|Website
801|802|2023-09-07|24|Mobile App
802|803|2023-11-14|25|Website
803|804|2023-12-19|37|Website
804|805|2023-01-17|24|Website
805|806|2023-08-20|42|Online Banking
806|807|2023-02-28|13|Mobile App
807|808|2023-08-18|20|Online Banking
808|809|2023-02-10|5|Mobile App
809|810|2023-02-17|20|Online Banking
810|811|2023-04-08|18|Online Banking
811|812|2023-03-09|39|Mobile App
812|813|2023-12-08|49|Website
813|814|2023-05-22|3|Online Banking
814|815|2023-08-21|44|Online Banking
815|816|2023-10-20|31|Online Banking
816|817|2023-12-17|30|Website
817|818|2023-03-23|41|Online Banking
818|819|2023-05-06|24|Website
819|820|2023-09-08|5|Online Banking
820|821|2023-06-19|20|Mobile App
821|822|2023-01-29|24|Mobile App
822|823|2023-12-31|17|Online Banking
823|824|2023-02-04|8|Online Banking
824|825|2023-11-11|21|Website
825|826|2023-07-18|14|Mobile App
826|827|2023-10-09|38|Online Banking
827|828|2023-10-12|32|Online Banking
828|829|2023-06-13|36|Online Banking
829|830|2023-07-17|40|Website
830|831|2023-09-03|4|Mobile App
831|832|2023-08-22|21|Website
832|833|2023-09-14|25|Mobile App
833|834|2023-11-21|45|Mobile App
834|835|2023-07-21|1|Mobile App
835|836|2023-06-06|47|Mobile App
836|837|2023-08-26|13|Website
837|838|2023-01-03|16|Online Banking
838|839|2023-06-28|29|Mobile App
839|840|2023-06-24|39|Mobile App
840|841|2023-08-04|29|Website
841|842|2023-03-29|12|Mobile App
842|843|2023-02-07|31|Website
843|844|2023-10-31|20|Mobile App
844|845|2023-02-18|35|Online Banking
845|846|2023-09-19|41|Mobile App
846|847|2023-11-22|28|Online Banking
847|848|2023-01-03|35|Mobile App
848|849|2023-01-20|29|Website
849|850|2023-08-20|44|Mobile App
850|851|2023-01-29|39|Online Banking
851|852|2023-09-23|29|Mobile App
852|853|2023-12-01|34|Website
853|854|2023-07-12|10|Mobile App
854|855|2023-09-25|37|Online Banking
855|856|2023-05-18|48|Website
856|857|2023-07-10|7|Mobile App
857|858|2023-08-08|9|Website
858|859|2023-07-24|16|Website
859|860|2023-05-27|21|Mobile App
860|861|2023-05-16|14|Website
861|862|2023-03-07|2|Online Banking
862|863|2023-10-14|26|Online Banking
863|864|2023-03-20|34|Website
864|865|2023-06-10|47|Mobile App
865|866|2023-12-26|49|Website
866|867|2023-12-20|18|Website
867|868|2023-07-22|12|Website
868|869|2023-12-15|19|Online Banking
869|870|2023-01-18|36|Website
870|871|2023-09-16|38|Online Banking
871|872|2023-04-30|16|Website
872|873|2023-10-20|46|Website
873|874|2023-12-29|8|Mobile App
874|875|2023-12-02|9|Website
875|876|2023-09-20|4|Online Banking
876|877|2023-05-31|36|Website
877|878|2023-08-05|47|Website
878|879|2023-07-11|38|Online Banking
879|880|2023-11-10|49|Online Banking
880|881|2023-04-01|49|Website
881|882|2023-09-10|45|Website
882|883|2023-10-15|4|Website
883|884|2023-10-05|8|Online Banking
884|885|2023-01-09|43|Mobile App
885|886|2023-08-21|7|Mobile App
886|887|2023-03-11|3|Website
887|888|2023-09-04|1|Online Banking
888|889|2023-01-26|4|Mobile App
889|890|2023-03-01|1|Mobile App
890|891|2023-03-15|46|Website
891|892|2023-01-16|42|Mobile App
892|893|2023-10-14|38|Mobile App
893|894|2023-08-21|37|Mobile App
894|895|2023-09-26|12|Mobile App
895|896|2023-11-22|42|Online Banking
896|897|2023-08-21|10|Mobile App
897|898|2023-01-09|47|Online Banking
898|899|2023-12-16|1|Website
899|900|2023-03-23|2|Online Banking
900|901|2023-01-14|12|Website
901|902|2023-09-17|39|Online Banking
902|903|2023-06-22|48|Mobile App
903|904|2023-11-24|36|Mobile App
904|905|2023-11-27|7|Online Banking
905|906|2023-04-03|38|Website
906|907|2023-06-07|25|Website
907|908|2023-12-06|3|Website
908|909|2023-02-02|27|Online Banking
909|910|2023-08-16|24|Online Banking
910|911|2023-02-27|27|Mobile App
911|912|2023-07-30|6|Mobile App
912|913|2023-09-17|25|Mobile App
913|914|2023-07-31|43|Website
914|915|2023-06-22|31|Online Banking
915|916|2023-08-31|44|Mobile App
916|917|2023-05-10|9|Mobile App
917|918|2023-10-11|39|Mobile App
918|919|2023-12-14|29|Website
919|920|2023-10-08|14|Mobile App
920|921|2023-11-05|36|Online Banking
921|922|2023-08-10|29|Website
922|923|2023-02-10|43|Website
923|924|2023-03-25|41|Website
924|925|2023-01-20|38|Mobile App
925|926|2023-05-03|22|Online Banking
926|927|2023-06-06|12|Mobile App
927|928|2023-05-21|40|Website
928|929|2023-02-16|49|Online Banking
929|930|2023-08-10|26|Website
930|931|2023-03-10|46|Mobile App
931|932|2023-06-05|28|Online Banking
932|933|2023-04-29|21|Website
933|934|2023-11-14|27|Mobile App
934|935|2023-10-28|33|Website
935|936|2023-07-28|29|Mobile App
936|937|2023-03-30|24|Mobile App
937|938|2023-06-19|32|Website
938|939|2023-11-22|6|Website
939|940|2023-04-04|27|Mobile App
940|941|2023-09-22|16|Website
941|942|2023-06-13|36|Online Banking
942|943|2023-03-19|47|Website
943|944|2023-06-04|30|Website
944|945|2023-07-20|15|Website
945|946|2023-11-13|8|Mobile App
946|947|2023-05-06|31|Website
947|948|2023-02-12|9|Mobile App
948|949|2023-06-12|42|Online Banking
949|950|2023-04-22|21|Online Banking
950|951|2023-11-08|39|Online Banking
951|952|2023-03-20|39|Website
952|953|2023-10-21|43|Website
953|954|2023-07-20|20|Online Banking
954|955|2023-12-08|26|Website
955|956|2023-10-20|38|Online Banking
956|957|2023-06-01|43|Mobile App
957|958|2023-05-21|14|Online Banking
958|959|2023-11-17|48|Online Banking
959|960|2023-02-10|41|Online Banking
960|961|2023-05-01|21|Mobile App
961|962|2023-04-04|19|Online Banking
962|963|2023-09-17|14|Online Banking
963|964|2023-03-13|9|Online Banking
964|965|2023-07-11|42|Mobile App
965|966|2023-05-16|4|Mobile App
966|967|2023-04-28|23|Online Banking
967|968|2023-01-17|22|Online Banking
968|969|2023-04-25|20|Online Banking
969|970|2023-03-22|19|Website
970|971|2023-10-17|19|Mobile App
971|972|2023-10-26|23|Mobile App
972|973|2023-10-18|31|Website
973|974|2023-09-12|46|Mobile App
974|975|2023-09-14|19|Mobile App
975|976|2023-02-17|44|Online Banking
976|977|2023-02-08|20|Online Banking
977|978|2023-09-14|26|Mobile App
978|979|2023-05-18|6|Website
979|980|2023-05-04|28|Online Banking
980|981|2023-09-23|41|Website
981|982|2023-06-20|4|Mobile App
982|983|2023-05-09|49|Mobile App
983|984|2023-05-01|44|Website
984|985|2023-03-04|9|Website
985|986|2023-11-08|49|Online Banking
986|987|2023-06-08|14|Mobile App
987|988|2023-02-14|31|Website
988|989|2023-07-26|29|Website
989|990|2023-06-07|49|Mobile App
990|991|2023-09-17|22|Website
991|992|2023-03-26|9|Website
992|993|2023-12-27|11|Website
993|994|2023-07-23|25|Mobile App
994|995|2023-07-31|34|Website
995|996|2023-01-29|38|Mobile App
996|997|2023-04-01|5|Mobile App
997|998|2023-07-10|47|Website
998|999|2023-01-08|23|Website
999|1000|2023-08-13|22|Mobile App
